Rank,Company,Ticker,Sector,FY,Risk_Score,Sector_Risk_Percentile,Status,Action,Main_Trigger,Red_Triggers,Amber_Triggers,Debt_EBIT,Interest_Coverage,Debt_Revenue,FCF_Margin,Debt_Growth,EBIT_Margin_Change,Severe_Interest_Coverage,Trigger_Summary
1,United Utilities,UU,Utilities,2026,84.64285714285714,1.0,RED,Escalate,Debt / EBIT > 6.0x,1,2,10.455777979981802,2.6437334616309838,4.392545871559633,-0.042,0.06504713090063108,0.12570143923354937,1.6919894154438297,RED: Debt / EBIT > 6.0x; AMBER: FCF margin < 0%; AMBER: Severe stress coverage < 1.75x
2,National Grid,NG,Utilities,2026,80.0,0.6666666666666666,RED,Escalate,Debt / EBIT > 6.0x,2,0,9.229057844844263,3.387287024901704,2.697178718833041,-0.1221,-0.019968362881853885,0.02072824812236168,2.1678636959370903,RED: Debt / EBIT > 6.0x; RED: FCF margin < -10%
3,Vodafone,VOD,Telecom,2026,79.64285714285714,1.0,RED,Escalate,Interest coverage < 1.5x,3,0,17.290568434423626,1.4223125564588979,1.3456909122364746,0.2328,-0.01091754618612506,-0.01229694136432033,0.9102800361336948,RED: Interest coverage < 1.5x; RED: Debt / EBIT > 6.0x; RED: Severe stress coverage < 1.25x
4,BT Group,BT.A,Telecom,2026,73.21428571428571,0.5,AMBER,Enhanced Review,Interest coverage < 2.5x,1,2,7.84259578874698,2.073729420186113,1.1559987788745294,0.0947,-0.026271803882912614,0.024991139322520492,1.3271868289191124,AMBER: Interest coverage < 2.5x; RED: Debt / EBIT > 6.0x; AMBER: Severe stress coverage < 1.75x
5,Rentokil Initial,RTO,Industrials & Services,2025,68.92857142857143,1.0,AMBER,Enhanced Review,Debt / EBIT > 6.0x,1,1,7.015963511972634,3.70042194092827,0.8907064273306311,0.1106,0.18692129629629628,0.01164520349446456,2.368270042194093,RED: Debt / EBIT > 6.0x; AMBER: Debt growth > 10% YoY
6,SSE,SSE,Utilities,2026,61.07142857142858,0.3333333333333333,AMBER,Enhanced Review,Debt / EBIT > 4.0x,0,2,5.357861302276337,6.085695876288661,0.9935211544124865,-0.0699,-0.045548849490758214,-0.00821148665242244,3.894845360824742,AMBER: Debt / EBIT > 4.0x; AMBER: FCF margin < 0%
7,Tesco,TSCO,Consumer & Retail,2025,55.35714285714286,1.0,AMBER,Enhanced Review,Debt / EBIT > 4.0x,0,1,4.89029676558853,3.8998699609882963,0.20976600492018993,0.024,-0.011791658244053593,0.0015521390124717607,2.49591677503251,AMBER: Debt / EBIT > 4.0x
8,Smith & Nephew,SN,Healthcare,2025,47.14285714285714,1.0,GREEN,Routine Monitor,None,0,0,3.7936145952109466,6.264285714285714,0.5397469175859831,0.1382,0.0018066847335140857,-0.010217955347858493,4.009142857142857,No hard threshold triggered
9,Diageo,DGE,Consumer & Retail,2026,46.42857142857143,0.6666666666666666,GREEN,Routine Monitor,None,0,0,3.613054745707807,5.497773820124666,1.1356208318484957,0.1478,-0.09361667547031816,0.03147517341120876,3.518575244879787,No hard threshold triggered
10,Compass Group,CPG,Industrials & Services,2025,39.64285714285714,0.75,AMBER,Enhanced Review,Debt growth > 10% YoY,0,1,2.358974358974359,6.909090909090909,0.15176904710223574,0.0612,0.18287937743190663,0.0028159987048070392,4.421818181818183,AMBER: Debt growth > 10% YoY
11,Unilever,ULVR,Consumer & Retail,2025,35.0,0.3333333333333333,GREEN,Routine Monitor,None,0,0,2.7923373160857117,9.223132969034609,0.5599271330416015,0.1373,-0.11777368733035909,0.004672972744473564,5.9028051001821495,No hard threshold triggered
12,RELX,REL,Industrials & Services,2025,27.499999999999996,0.5,AMBER,Enhanced Review,Debt growth > 10% YoY,0,1,2.4336905559276625,10.551236749116608,0.7577685088633994,0.2935,0.11048288508557458,0.012765200659739628,6.75279151943463,AMBER: Debt growth > 10% YoY
13,AstraZeneca,AZN,Healthcare,2025,20.0,0.6666666666666666,GREEN,Routine Monitor,None,0,0,2.0782955499580185,10.47032967032967,0.5056776587956894,0.2003,-0.024852265265922546,0.004210947197551579,6.701010989010989,No hard threshold triggered
14,GSK,GSK,Healthcare,2025,17.857142857142854,0.3333333333333333,GREEN,Routine Monitor,None,0,0,1.8828199428389965,14.357142857142858,0.5444944439342456,0.1957,0.047156481808548145,0.09190637792355469,9.188571428571429,No hard threshold triggered
15,Rolls-Royce,RR,Industrials & Services,2025,13.571428571428571,0.25,GREEN,Routine Monitor,None,0,0,1.162041181736795,9.32776617954071,0.24482482199273825,0.186,-0.2997032640949555,0.05700171995900191,5.969770354906054,No hard threshold triggered
