Company,Ticker,Sector,Currency,Structured_Source,Official_IR_Source,Source_Note,Structured_Data_Provider_Note
Diageo,DGE,Consumer & Retail,USD,https://stockanalysis.com/quote/lon/DGE/financials/,https://www.diageo.com/en/investors/results-reports-and-events/annual-report-2026,Standardized public financial snapshot; official IR report registered for validation.,StockAnalysis financial pages state that financial data is provided by S&P Global Market Intelligence; the project stores a frozen snapshot for reproducibility.
Tesco,TSCO,Consumer & Retail,GBP,https://stockanalysis.com/quote/lon/TSCO/financials/,https://www.tescoplc.com/investors/reports-results-and-presentations/annual-report-2025,Standardized public financial snapshot; official IR report registered for validation.,StockAnalysis financial pages state that financial data is provided by S&P Global Market Intelligence; the project stores a frozen snapshot for reproducibility.
Unilever,ULVR,Consumer & Retail,EUR,https://stockanalysis.com/quote/lon/ULVR/financials/,https://www.unilever.com/investors/annual-report-and-accounts/,Standardized public financial snapshot; official IR report registered for validation.,StockAnalysis financial pages state that financial data is provided by S&P Global Market Intelligence; the project stores a frozen snapshot for reproducibility.
AstraZeneca,AZN,Healthcare,USD,https://stockanalysis.com/quote/lon/AZN/financials/,https://www.astrazeneca.com/investor-relations/annual-reports.html,Standardized public financial snapshot; official IR report registered for validation.,StockAnalysis financial pages state that financial data is provided by S&P Global Market Intelligence; the project stores a frozen snapshot for reproducibility.
GSK,GSK,Healthcare,GBP,https://stockanalysis.com/quote/lon/GSK/financials/,https://www.gsk.com/en-gb/investors/financial-reports/annual-report-2025/,Standardized public financial snapshot; official IR report registered for validation.,StockAnalysis financial pages state that financial data is provided by S&P Global Market Intelligence; the project stores a frozen snapshot for reproducibility.
Smith & Nephew,SN,Healthcare,USD,https://stockanalysis.com/quote/lon/SN/financials/,https://www.smith-nephew.com/en/who-we-are/investors/annual-report-2025,Standardized public financial snapshot; official IR report registered for validation.,StockAnalysis financial pages state that financial data is provided by S&P Global Market Intelligence; the project stores a frozen snapshot for reproducibility.
Compass Group,CPG,Industrials & Services,USD,https://stockanalysis.com/quote/lon/CPG/financials/,https://www.compass-group.com/en/investors/annual-report-2025.html,Standardized public financial snapshot; official IR report registered for validation.,StockAnalysis financial pages state that financial data is provided by S&P Global Market Intelligence; the project stores a frozen snapshot for reproducibility.
RELX,REL,Industrials & Services,GBP,https://stockanalysis.com/quote/lon/REL/financials/,https://www.relx.com/investors/annual-reports/2025,Standardized financial snapshot; RELX interest-cost series supplemented with company-reported adjusted net interest data.,StockAnalysis financial pages state that financial data is provided by S&P Global Market Intelligence; the project stores a frozen snapshot for reproducibility.
Rentokil Initial,RTO,Industrials & Services,USD,https://stockanalysis.com/quote/lon/RTO/financials/,https://www.rentokil-initial.com/investors/annual-reports,Standardized public financial snapshot; official IR report registered for validation.,StockAnalysis financial pages state that financial data is provided by S&P Global Market Intelligence; the project stores a frozen snapshot for reproducibility.
Rolls-Royce,RR,Industrials & Services,GBP,https://stockanalysis.com/quote/lon/RR/financials/,https://www.rolls-royce.com/investors/results-reports-and-presentations/annual-report-2025.aspx,Standardized public financial snapshot; official IR report registered for validation.,StockAnalysis financial pages state that financial data is provided by S&P Global Market Intelligence; the project stores a frozen snapshot for reproducibility.
BT Group,BT.A,Telecom,GBP,https://stockanalysis.com/quote/lon/BT.A/financials/,https://www.bt.com/about/investors/financial-reporting-and-news/annual-reports,Standardized public financial snapshot; official IR report registered for validation.,StockAnalysis financial pages state that financial data is provided by S&P Global Market Intelligence; the project stores a frozen snapshot for reproducibility.
Vodafone,VOD,Telecom,EUR,https://stockanalysis.com/quote/lon/VOD/financials/,https://www.vodafone.com/investors/performance-and-reports/annual-reporting,Standardized public financial snapshot; official IR report registered for validation.,StockAnalysis financial pages state that financial data is provided by S&P Global Market Intelligence; the project stores a frozen snapshot for reproducibility.
National Grid,NG,Utilities,GBP,https://stockanalysis.com/quote/lon/NG/financials/,https://www.nationalgrid.com/investors/resources/reports-plc,Standardized public financial snapshot; official IR report registered for validation.,StockAnalysis financial pages state that financial data is provided by S&P Global Market Intelligence; the project stores a frozen snapshot for reproducibility.
SSE,SSE,Utilities,GBP,https://stockanalysis.com/quote/lon/SSE/financials/,https://www.sse.com/investors/annual-report-2026/,Standardized public financial snapshot; official IR report registered for validation.,StockAnalysis financial pages state that financial data is provided by S&P Global Market Intelligence; the project stores a frozen snapshot for reproducibility.
United Utilities,UU,Utilities,GBP,https://stockanalysis.com/quote/lon/UU/financials/,https://www.unitedutilities.com/corporate/investors/Results-and-presentations/annual-reports/,Standardized public financial snapshot; official IR report registered for validation.,StockAnalysis financial pages state that financial data is provided by S&P Global Market Intelligence; the project stores a frozen snapshot for reproducibility.
