Company,Ticker,Sector,Currency,FY,Revenue,EBIT,Interest_Expense,Total_Debt,FCF_Margin,Structured_Source,Official_IR_Source,Source_Note
AstraZeneca,AZN,Healthcare,USD,2022,44351.0,8812.0,917.0,31135.0,0.1966,https://stockanalysis.com/quote/lon/AZN/financials/,https://www.astrazeneca.com/investor-relations/annual-reports.html,Standardized public financial snapshot; official IR report registered for validation.
AstraZeneca,AZN,Healthcare,USD,2023,45811.0,9699.0,1219.0,29649.0,0.1961,https://stockanalysis.com/quote/lon/AZN/financials/,https://www.astrazeneca.com/investor-relations/annual-reports.html,Standardized public financial snapshot; official IR report registered for validation.
AstraZeneca,AZN,Healthcare,USD,2024,54073.0,12929.0,1403.0,30460.0,0.1838,https://stockanalysis.com/quote/lon/AZN/financials/,https://www.astrazeneca.com/investor-relations/annual-reports.html,Standardized public financial snapshot; official IR report registered for validation.
AstraZeneca,AZN,Healthcare,USD,2025,58739.0,14292.0,1365.0,29703.0,0.2003,https://stockanalysis.com/quote/lon/AZN/financials/,https://www.astrazeneca.com/investor-relations/annual-reports.html,Standardized public financial snapshot; official IR report registered for validation.
BT Group,BT.A,Telecom,GBP,2023,20681.0,2619.0,894.0,23880.0,0.0685,https://stockanalysis.com/quote/lon/BT.A/financials/,https://www.bt.com/about/investors/financial-reporting-and-news/annual-reports,Standardized public financial snapshot; official IR report registered for validation.
BT Group,BT.A,Telecom,GBP,2024,20797.0,2214.0,1188.0,23481.0,0.0473,https://stockanalysis.com/quote/lon/BT.A/financials/,https://www.bt.com/about/investors/financial-reporting-and-news/annual-reports,Standardized public financial snapshot; official IR report registered for validation.
BT Group,BT.A,Telecom,GBP,2025,20358.0,2492.0,1301.0,23333.0,0.1008,https://stockanalysis.com/quote/lon/BT.A/financials/,https://www.bt.com/about/investors/financial-reporting-and-news/annual-reports,Standardized public financial snapshot; official IR report registered for validation.
BT Group,BT.A,Telecom,GBP,2026,19654.0,2897.0,1397.0,22720.0,0.0947,https://stockanalysis.com/quote/lon/BT.A/financials/,https://www.bt.com/about/investors/financial-reporting-and-news/annual-reports,Standardized public financial snapshot; official IR report registered for validation.
Compass Group,CPG,Industrials & Services,USD,2022,28446.0,1672.0,123.76,5438.0,0.0515,https://stockanalysis.com/quote/lon/CPG/financials/,https://www.compass-group.com/en/investors/annual-report-2025.html,Standardized public financial snapshot; official IR report registered for validation.
Compass Group,CPG,Industrials & Services,USD,2023,37907.0,2313.0,225.0,5267.0,0.0552,https://stockanalysis.com/quote/lon/CPG/financials/,https://www.compass-group.com/en/investors/annual-report-2025.html,Standardized public financial snapshot; official IR report registered for validation.
Compass Group,CPG,Industrials & Services,USD,2024,42002.0,2584.0,393.0,5911.0,0.061,https://stockanalysis.com/quote/lon/CPG/financials/,https://www.compass-group.com/en/investors/annual-report-2025.html,Standardized public financial snapshot; official IR report registered for validation.
Compass Group,CPG,Industrials & Services,USD,2025,46070.0,2964.0,429.0,6992.0,0.0612,https://stockanalysis.com/quote/lon/CPG/financials/,https://www.compass-group.com/en/investors/annual-report-2025.html,Standardized public financial snapshot; official IR report registered for validation.
Diageo,DGE,Consumer & Retail,USD,2023,20555.0,6366.0,1059.0,21831.0,0.1079,https://stockanalysis.com/quote/lon/DGE/financials/,https://www.diageo.com/en/investors/results-reports-and-events/annual-report-2026,Standardized public financial snapshot; official IR report registered for validation.
Diageo,DGE,Consumer & Retail,USD,2024,20269.0,5999.0,1212.0,22481.0,0.128,https://stockanalysis.com/quote/lon/DGE/financials/,https://www.diageo.com/en/investors/results-reports-and-events/annual-report-2026,Standardized public financial snapshot; official IR report registered for validation.
Diageo,DGE,Consumer & Retail,USD,2025,20245.0,5726.0,1196.0,24611.0,0.1326,https://stockanalysis.com/quote/lon/DGE/financials/,https://www.diageo.com/en/investors/results-reports-and-events/annual-report-2026,Standardized public financial snapshot; official IR report registered for validation.
Diageo,DGE,Consumer & Retail,USD,2026,19643.0,6174.0,1123.0,22307.0,0.1478,https://stockanalysis.com/quote/lon/DGE/financials/,https://www.diageo.com/en/investors/results-reports-and-events/annual-report-2026,Standardized public financial snapshot; official IR report registered for validation.
GSK,GSK,Healthcare,GBP,2022,29324.0,7322.0,819.0,20987.0,0.2135,https://stockanalysis.com/quote/lon/GSK/financials/,https://www.gsk.com/en-gb/investors/financial-reports/annual-report-2025/,Standardized public financial snapshot; official IR report registered for validation.
GSK,GSK,Healthcare,GBP,2023,30328.0,8403.0,710.0,18018.0,0.1798,https://stockanalysis.com/quote/lon/GSK/financials/,https://www.gsk.com/en-gb/investors/financial-reports/annual-report-2025/,Standardized public financial snapshot; official IR report registered for validation.
GSK,GSK,Healthcare,GBP,2024,31376.0,6190.0,615.0,16986.0,0.1643,https://stockanalysis.com/quote/lon/GSK/financials/,https://www.gsk.com/en-gb/investors/financial-reports/annual-report-2025/,Standardized public financial snapshot; official IR report registered for validation.
GSK,GSK,Healthcare,GBP,2025,32667.0,9447.0,658.0,17787.0,0.1957,https://stockanalysis.com/quote/lon/GSK/financials/,https://www.gsk.com/en-gb/investors/financial-reports/annual-report-2025/,Standardized public financial snapshot; official IR report registered for validation.
National Grid,NG,Utilities,GBP,2023,21659.0,4205.0,1592.0,44104.0,0.0265,https://stockanalysis.com/quote/lon/NG/financials/,https://www.nationalgrid.com/investors/resources/reports-plc,Standardized public financial snapshot; official IR report registered for validation.
National Grid,NG,Utilities,GBP,2024,19850.0,5586.0,1621.0,48198.0,0.0018,https://stockanalysis.com/quote/lon/NG/financials/,https://www.nationalgrid.com/investors/resources/reports-plc,Standardized public financial snapshot; official IR report registered for validation.
National Grid,NG,Utilities,GBP,2025,18378.0,4990.0,1680.0,48677.0,-0.1073,https://stockanalysis.com/quote/lon/NG/financials/,https://www.nationalgrid.com/investors/resources/reports-plc,Standardized public financial snapshot; official IR report registered for validation.
National Grid,NG,Utilities,GBP,2026,17687.0,5169.0,1526.0,47705.0,-0.1221,https://stockanalysis.com/quote/lon/NG/financials/,https://www.nationalgrid.com/investors/resources/reports-plc,Standardized public financial snapshot; official IR report registered for validation.
RELX,REL,Industrials & Services,GBP,2022,8553.0,2299.0,194.0,6730.0,0.2765,https://stockanalysis.com/quote/lon/REL/financials/,https://www.relx.com/investors/annual-reports/2025,Standardized financial snapshot; RELX interest-cost series supplemented with company-reported adjusted net interest data.
RELX,REL,Industrials & Services,GBP,2023,9161.0,2635.0,314.0,6497.0,0.2649,https://stockanalysis.com/quote/lon/REL/financials/,https://www.relx.com/investors/annual-reports/2025,Standardized financial snapshot; RELX interest-cost series supplemented with company-reported adjusted net interest data.
RELX,REL,Industrials & Services,GBP,2024,9434.0,2817.0,296.0,6544.0,0.2743,https://stockanalysis.com/quote/lon/REL/financials/,https://www.relx.com/investors/annual-reports/2025,Standardized financial snapshot; RELX interest-cost series supplemented with company-reported adjusted net interest data.
RELX,REL,Industrials & Services,GBP,2025,9590.0,2986.0,283.0,7267.0,0.2935,https://stockanalysis.com/quote/lon/REL/financials/,https://www.relx.com/investors/annual-reports/2025,Standardized financial snapshot; RELX interest-cost series supplemented with company-reported adjusted net interest data.
Rentokil Initial,RTO,Industrials & Services,USD,2022,4475.0,590.4,89.16,6592.0,0.1204,https://stockanalysis.com/quote/lon/RTO/financials/,https://www.rentokil-initial.com/investors/annual-reports,Standardized public financial snapshot; official IR report registered for validation.
Rentokil Initial,RTO,Industrials & Services,USD,2023,6385.0,855.0,214.0,6088.0,0.111,https://stockanalysis.com/quote/lon/RTO/financials/,https://www.rentokil-initial.com/investors/annual-reports,Standardized public financial snapshot; official IR report registered for validation.
Rentokil Initial,RTO,Industrials & Services,USD,2024,6617.0,763.0,229.0,5184.0,0.0981,https://stockanalysis.com/quote/lon/RTO/financials/,https://www.rentokil-initial.com/investors/annual-reports,Standardized public financial snapshot; official IR report registered for validation.
Rentokil Initial,RTO,Industrials & Services,USD,2025,6908.0,877.0,237.0,6153.0,0.1106,https://stockanalysis.com/quote/lon/RTO/financials/,https://www.rentokil-initial.com/investors/annual-reports,Standardized public financial snapshot; official IR report registered for validation.
Rolls-Royce,RR,Industrials & Services,GBP,2022,13520.0,837.0,2775.0,10201.0,0.0862,https://stockanalysis.com/quote/lon/RR/financials/,https://www.rolls-royce.com/investors/results-reports-and-presentations/annual-report-2025.aspx,Standardized public financial snapshot; official IR report registered for validation.
Rolls-Royce,RR,Industrials & Services,GBP,2023,16486.0,1944.0,681.0,8190.0,0.1247,https://stockanalysis.com/quote/lon/RR/financials/,https://www.rolls-royce.com/investors/results-reports-and-presentations/annual-report-2025.aspx,Standardized public financial snapshot; official IR report registered for validation.
Rolls-Royce,RR,Industrials & Services,GBP,2024,18909.0,2906.0,1224.0,7414.0,0.1726,https://stockanalysis.com/quote/lon/RR/financials/,https://www.rolls-royce.com/investors/results-reports-and-presentations/annual-report-2025.aspx,Standardized public financial snapshot; official IR report registered for validation.
Rolls-Royce,RR,Industrials & Services,GBP,2025,21207.0,4468.0,479.0,5192.0,0.186,https://stockanalysis.com/quote/lon/RR/financials/,https://www.rolls-royce.com/investors/results-reports-and-presentations/annual-report-2025.aspx,Standardized public financial snapshot; official IR report registered for validation.
SSE,SSE,Utilities,GBP,2023,12491.0,-146.3,396.7,9060.0,0.0011,https://stockanalysis.com/quote/lon/SSE/financials/,https://www.sse.com/investors/annual-report-2026/,Standardized public financial snapshot; official IR report registered for validation.
SSE,SSE,Utilities,GBP,2024,10457.0,2608.0,318.3,9134.0,0.1807,https://stockanalysis.com/quote/lon/SSE/financials/,https://www.sse.com/investors/annual-report-2026/,Standardized public financial snapshot; official IR report registered for validation.
SSE,SSE,Utilities,GBP,2025,10132.0,1962.0,319.2,10604.0,-0.021,https://stockanalysis.com/quote/lon/SSE/financials/,https://www.sse.com/investors/annual-report-2026/,Standardized public financial snapshot; official IR report registered for validation.
SSE,SSE,Utilities,GBP,2026,10187.0,1889.0,310.4,10121.0,-0.0699,https://stockanalysis.com/quote/lon/SSE/financials/,https://www.sse.com/investors/annual-report-2026/,Standardized public financial snapshot; official IR report registered for validation.
Smith & Nephew,SN,Healthcare,USD,2022,5215.0,658.0,80.0,2872.0,0.0211,https://stockanalysis.com/quote/lon/SN/financials/,https://www.smith-nephew.com/en/who-we-are/investors/annual-report-2025,Standardized public financial snapshot; official IR report registered for validation.
Smith & Nephew,SN,Healthcare,USD,2023,5549.0,741.0,132.0,3084.0,0.0326,https://stockanalysis.com/quote/lon/SN/financials/,https://www.smith-nephew.com/en/who-we-are/investors/annual-report-2025,Standardized public financial snapshot; official IR report registered for validation.
Smith & Nephew,SN,Healthcare,USD,2024,5810.0,886.0,145.0,3321.0,0.1043,https://stockanalysis.com/quote/lon/SN/financials/,https://www.smith-nephew.com/en/who-we-are/investors/annual-report-2025,Standardized public financial snapshot; official IR report registered for validation.
Smith & Nephew,SN,Healthcare,USD,2025,6164.0,877.0,140.0,3327.0,0.1382,https://stockanalysis.com/quote/lon/SN/financials/,https://www.smith-nephew.com/en/who-we-are/investors/annual-report-2025,Standardized public financial snapshot; official IR report registered for validation.
Tesco,TSCO,Consumer & Retail,GBP,2022,61344.0,2870.0,652.0,15357.0,0.0458,https://stockanalysis.com/quote/lon/TSCO/financials/,https://www.tescoplc.com/investors/reports-results-and-presentations/annual-report-2025,Standardized public financial snapshot; official IR report registered for validation.
Tesco,TSCO,Consumer & Retail,GBP,2023,65322.0,2595.0,709.0,15078.0,0.0421,https://stockanalysis.com/quote/lon/TSCO/financials/,https://www.tescoplc.com/investors/reports-results-and-presentations/annual-report-2025,Standardized public financial snapshot; official IR report registered for validation.
Tesco,TSCO,Consumer & Retail,GBP,2024,68187.0,2819.0,807.0,14841.0,0.04,https://stockanalysis.com/quote/lon/TSCO/financials/,https://www.tescoplc.com/investors/reports-results-and-presentations/annual-report-2025,Standardized public financial snapshot; official IR report registered for validation.
Tesco,TSCO,Consumer & Retail,GBP,2025,69916.0,2999.0,769.0,14666.0,0.024,https://stockanalysis.com/quote/lon/TSCO/financials/,https://www.tescoplc.com/investors/reports-results-and-presentations/annual-report-2025,Standardized public financial snapshot; official IR report registered for validation.
Unilever,ULVR,Consumer & Retail,EUR,2022,60073.0,9512.0,789.0,29488.0,0.097,https://stockanalysis.com/quote/lon/ULVR/financials/,https://www.unilever.com/investors/annual-report-and-accounts/,Standardized public financial snapshot; official IR report registered for validation.
Unilever,ULVR,Consumer & Retail,EUR,2023,51680.0,9275.0,955.0,29622.0,0.1593,https://stockanalysis.com/quote/lon/ULVR/financials/,https://www.unilever.com/investors/annual-report-and-accounts/,Standardized public financial snapshot; official IR report registered for validation.
Unilever,ULVR,Consumer & Retail,EUR,2024,52479.0,10278.0,999.0,32053.0,0.1551,https://stockanalysis.com/quote/lon/ULVR/financials/,https://www.unilever.com/investors/annual-report-and-accounts/,Standardized public financial snapshot; official IR report registered for validation.
Unilever,ULVR,Consumer & Retail,EUR,2025,50503.0,10127.0,1098.0,28278.0,0.1373,https://stockanalysis.com/quote/lon/ULVR/financials/,https://www.unilever.com/investors/annual-report-and-accounts/,Standardized public financial snapshot; official IR report registered for validation.
United Utilities,UU,Utilities,GBP,2023,1804.0,440.8,262.7,8435.4,0.0619,https://stockanalysis.com/quote/lon/UU/financials/,https://www.unitedutilities.com/corporate/investors/Results-and-presentations/annual-reports/,Standardized public financial snapshot; official IR report registered for validation.
United Utilities,UU,Utilities,GBP,2024,1950.0,480.2,389.3,10001.6,-0.0023,https://stockanalysis.com/quote/lon/UU/financials/,https://www.unitedutilities.com/corporate/investors/Results-and-presentations/annual-reports/,Standardized public financial snapshot; official IR report registered for validation.
United Utilities,UU,Utilities,GBP,2025,2145.0,631.5,371.9,10789.1,-0.0328,https://stockanalysis.com/quote/lon/UU/financials/,https://www.unitedutilities.com/corporate/investors/Results-and-presentations/annual-reports/,Standardized public financial snapshot; official IR report registered for validation.
United Utilities,UU,Utilities,GBP,2026,2616.0,1099.0,415.7,11490.9,-0.042,https://stockanalysis.com/quote/lon/UU/financials/,https://www.unitedutilities.com/corporate/investors/Results-and-presentations/annual-reports/,Standardized public financial snapshot; official IR report registered for validation.
Vodafone,VOD,Telecom,EUR,2023,37672.0,4535.0,1897.0,66875.0,0.3477,https://stockanalysis.com/quote/lon/VOD/financials/,https://www.vodafone.com/investors/performance-and-reports/annual-reporting,Standardized public financial snapshot; official IR report registered for validation.
Vodafone,VOD,Telecom,EUR,2024,36717.0,3337.0,2353.0,58511.0,0.336,https://stockanalysis.com/quote/lon/VOD/financials/,https://www.vodafone.com/investors/performance-and-reports/annual-reporting,Standardized public financial snapshot; official IR report registered for validation.
Vodafone,VOD,Telecom,EUR,2025,37448.0,3375.0,1932.0,55049.0,0.295,https://stockanalysis.com/quote/lon/VOD/financials/,https://www.vodafone.com/investors/performance-and-reports/annual-reporting,Standardized public financial snapshot; official IR report registered for validation.
Vodafone,VOD,Telecom,EUR,2026,40461.0,3149.0,2214.0,54448.0,0.2328,https://stockanalysis.com/quote/lon/VOD/financials/,https://www.vodafone.com/investors/performance-and-reports/annual-reporting,Standardized public financial snapshot; official IR report registered for validation.
